{
  "created_at": "2026-05-26T01:33:13.773824",
  "color_feature_cols": [
    "lab_l_mean",
    "lab_l_median",
    "lab_l_std",
    "lab_a_mean",
    "lab_a_median",
    "lab_b_mean",
    "lab_b_median",
    "hsv_h_mean",
    "hsv_s_mean",
    "hsv_v_mean",
    "ita_mean",
    "ita_median",
    "ita_p25",
    "ita_p75",
    "skin_pixel_ratio",
    "image_mean_brightness",
    "image_std_brightness"
  ],
  "median": {
    "lab_l_mean": 52.4167594909668,
    "lab_l_median": 53.72549057006836,
    "lab_l_std": 23.06793975830078,
    "lab_a_mean": 8.769039154052734,
    "lab_a_median": 9.0,
    "lab_b_mean": 10.57981300354004,
    "lab_b_median": 10.0,
    "hsv_h_mean": 49.70818710327149,
    "hsv_s_mean": 0.2957607507705688,
    "hsv_v_mean": 0.5932509303092957,
    "ita_mean": 2.490618705749512,
    "ita_median": 14.149480819702148,
    "ita_p25": -61.67424774169922,
    "ita_p75": 59.03623962402344,
    "skin_pixel_ratio": 0.7727798150510204,
    "image_mean_brightness": 119.68018574617346,
    "image_std_brightness": 55.80424609170736
  },
  "mean": {
    "lab_l_mean": 52.229681335499,
    "lab_l_median": 53.25323955604342,
    "lab_l_std": 22.98484104368076,
    "lab_a_mean": 9.301916591650661,
    "lab_a_median": 9.318923327895595,
    "lab_b_mean": 10.730069613034896,
    "lab_b_median": 10.7,
    "hsv_h_mean": 66.92822483741051,
    "hsv_s_mean": 0.3012804390157635,
    "hsv_v_mean": 0.5864455629863319,
    "ita_mean": 1.5636291774962139,
    "ita_median": 9.332170905758662,
    "ita_p25": -56.454038180301474,
    "ita_p75": 56.016782345964316,
    "skin_pixel_ratio": 0.7342056710785864,
    "image_mean_brightness": 118.81996018062097,
    "image_std_brightness": 56.18444928462373
  },
  "std": {
    "lab_l_mean": 7.241793202719073,
    "lab_l_median": 9.625755884125223,
    "lab_l_std": 2.9043362903020955,
    "lab_a_mean": 4.410876357577678,
    "lab_a_median": 4.762111892417919,
    "lab_b_mean": 5.667579769653748,
    "lab_b_median": 5.961210559239832,
    "hsv_h_mean": 48.63977626620243,
    "hsv_s_mean": 0.09064640434361848,
    "hsv_v_mean": 0.07689491017416189,
    "ita_mean": 19.07917093777125,
    "ita_median": 36.971362702032444,
    "ita_p25": 26.281584796424355,
    "ita_p75": 24.52381240912958,
    "skin_pixel_ratio": 0.083587297532114,
    "image_mean_brightness": 28.630618640900774,
    "image_std_brightness": 12.027501754191904
  }
}